y0_mean,x0_mean,x0_std,z0_mean,z0_std,y_mean,z_mean,z_std,gamma_mean,y0__std
-0.5,-0.6000000000000001,0.282842712474619,0.3,1.2727922061357855,5.25,7.35,1.6263455967290594,-34.8,0.14142135623730948
-0.5666666666666667,-0.06666666666666672,0.9451631252505218,0.9333333333333335,1.4189197769195174,4.966666666666667,8.366666666666667,2.103172207246314,-31.233333333333334,0.15275252316519464
-0.04999999999999999,0.07499999999999996,0.8220908303425682,1.1500000000000001,1.2369316876852983,4.925,8.925,2.0483733383671376,-30.425,1.0408329997330663
0.2,0.05999999999999996,0.7127411872482186,0.9,1.2083045973594573,5.12,8.78,1.803330252615976,-31.54,1.0606601717798212
0.2333333333333333,0.0833333333333333,0.6400520812142296,0.5333333333333333,1.4052283325732748,5.25,8.383333333333333,1.8829940697375196,-32.28333333333333,0.9521904571390466
0.0142857142857143,-2.3790493384824782e-17,0.6244997998398398,0.3285714285714286,1.3924969009113157,5.271428571428571,8.0,1.995828983989694,-31.3,1.0447145885018412
-0.11249999999999999,-0.012500000000000022,0.5792544469278715,0.16250000000000003,1.3721073469042322,5.2625,7.75,1.9784553859730365,-29.425,1.0315556906232173
-0.19999999999999998,-0.05555555555555558,0.5570258322356135,0.03333333333333336,1.3407087677791922,5.2444444444444445,7.588888888888889,1.912749620601482,-27.755555555555556,0.9999999999999999
-0.2,-0.06000000000000002,0.5253570214625479,2.7755575615628914e-17,1.2684198393626964,5.24,7.67,1.8215073123347298,-26.889999999999997,0.9428090415820634
-0.14545454545454545,-0.03636363636363638,0.504524979109513,0.05454545454545457,1.2168513765975173,5.245454545454546,7.827272727272727,1.8050434394168522,-26.645454545454548,0.9125389157330621
-0.06666666666666665,0.008333333333333312,0.5053501636279422,0.16666666666666666,1.2235071299218885,5.216666666666667,7.933333333333334,1.7598209275291896,-28.15833333333333,0.9118745261905015
-0.03846153846153845,0.023076923076923057,0.48674744675558074,0.19230769230769232,1.1750613731925794,5.1923076923076925,7.938461538461539,1.6850017119370442,-30.976923076923075,0.8789562574804861
-0.028571428571428557,-0.028571428571428584,0.5060078616424414,0.1142857142857143,1.166096145169951,5.192857142857143,7.892857142857143,1.6278651832830184,-33.07857142857143,0.8452842684597263
-0.05333333333333332,0.039999999999999994,0.5552348280554043,-0.07333333333333333,1.3381579378633401,5.253333333333333,7.666666666666667,1.7966900784763185,-32.85333333333333,0.8201625855076947
-0.15,-0.0062500000000000056,0.5674137232507982,-0.11875000000000001,1.305485222691803,5.33125,7.46875,1.9077801235991536,-32.66875,0.8816650913659525
-0.18235294117647058,-0.0411764705882353,0.5679555699275822,-0.07647058823529414,1.2759944218945012,5.352941176470588,7.464705882352941,1.8472754181735427,-32.747058823529414,0.8640278454118587
-0.18888888888888888,-0.061111111111111116,0.5574510148765792,-0.07777777777777778,1.2379088418189743,5.361111111111111,7.461111111111112,1.792185287456396,-32.59444444444445,0.8386886745452435
-0.17894736842105263,-0.03157894736842106,0.5568289499767085,-0.06315789473684212,1.204717821417018,5.378947368421053,7.484210526315789,1.7445990172512862,-31.94736842105263,0.8162100406202785
-0.15,-0.035,0.5421934011130404,-0.045000000000000005,1.1753946705591902,5.405,7.505,1.700611345183967,-31.345,0.8049190871398847
-0.13333333333333333,-0.019047619047619053,0.5334969986973195,-0.014285714285714294,1.1542468168835096,5.423809523809524,7.5476190476190474,1.6690173898492038,-30.74761904761905,0.7882470002057308
-0.11363636363636363,0.013636363636363629,0.5427403611001301,0.018181818181818174,1.1366770130668746,5.4363636363636365,7.590909090909091,1.6414015761534821,-30.15909090909091,0.7747782813691833
-0.09130434782608694,0.0217391304347826,0.5316838788561988,0.039130434782608685,1.1150781181092946,5.478260869565218,7.586956521739131,1.6037751904989925,-30.108695652173914,0.7645040242942188
-0.075,0.024999999999999994,0.5202424184099597,0.05416666666666666,1.093052831638811,5.5249999999999995,7.5625,1.5730923574976112,-30.054166666666664,0.7519539763899754
-0.072,0.015999999999999993,0.5112729212465686,0.031999999999999994,1.0757632949058389,5.568,7.5,1.5713582235335988,-29.98,0.7362744053679987
-0.09999999999999999,-0.0038461538461538537,0.5110622421825108,-0.0038461538461538537,1.0697591389582122,5.6,7.4,1.6218507946170637,-29.684615384615384,0.7353910524340096
-0.13333333333333333,-0.018518518518518528,0.506903903073913,-0.029629629629629634,1.0575060701098071,5.625925925925926,7.311111111111111,1.6560688701150394,-29.33703703703704,0.7416198487095663
-0.15357142857142855,-0.025000000000000005,0.4986091767217197,-0.042857142857142864,1.0400956406979802,5.632142857142857,7.2749999999999995,1.6363068171953574,-28.821428571428573,0.7355935586979291
-0.1620689655172414,-0.027586206896551734,0.48982252742639787,-0.05862068965517242,1.0248753378475253,5.6482758620689655,7.2379310344827585,1.6191739060184474,-28.337931034482757,0.723786567348339
-0.17333333333333334,-0.03666666666666667,0.48386613518783195,-0.07,1.0089769485764384,5.663333333333333,7.203333333333333,1.6022577461374534,-27.876666666666665,0.7138691724695071
-0.1870967741935484,-0.048387096774193554,0.4801881351733822,-0.0903225806451613,0.9984504122921938,5.674193548387097,7.164516129032258,1.5900835171140697,-27.374193548387098,0.7060415169491905
-0.19999999999999998,-0.05000000000000001,0.472467783506572,-0.115625,0.99258846197138,5.68125,7.121875,1.5827159945343445,-26.825,0.6983852342968536
-0.21515151515151515,-0.057575757575757586,0.467058817916908,-0.1393939393939394,0.9864517835211821,5.690909090909091,7.072727272727273,1.5831678541915433,-26.30606060606061,0.6928749941914181
-0.2264705882352941,-0.06470588235294118,0.4618030230364041,-0.1411764705882353,0.9714461718922647,5.7,7.05,1.5646182611200419,-25.761764705882353,0.6854809519398558
-0.23142857142857143,-0.08571428571428572,0.47163224528218595,-0.14571428571428574,0.957430033426758,5.711428571428572,7.031428571428571,1.5453481291722377,-25.194285714285712,0.6759618108650068
-0.25277777777777777,-0.08888888888888889,0.46523590192981074,-0.15833333333333333,0.9466859488311241,5.702777777777778,7.016666666666667,1.5256848579291487,-24.380555555555556,0.6784377479015874
-0.27297297297297296,-0.0918918918918919,0.459092328149541,-0.1864864864864865,0.9490235221772143,5.683783783783784,6.994594594594595,1.5103248263473263,-23.424324324324324,0.680134238648947
-0.2921052631578947,-0.09736842105263159,0.4541025256929131,-0.19999999999999998,0.9398102166093126,5.665789473684211,6.984210526315789,1.4911498040990319,-22.48157894736842,0.6811681456690802
-0.28717948717948716,-0.10512820512820514,0.4507004594889335,-0.18461538461538463,0.9323254631461962,5.658974358974358,7.015384615384616,1.484222011613184,-21.54102564102564,0.6728491999578662
-0.2725,-0.0875,0.4586420871470085,-0.16,0.9333699626511918,5.6525,7.0625,1.4950666737555085,-20.4875,0.6706244697945188
-0.25121951219512195,-0.07560975609756097,0.45922787796739767,-0.12682926829268293,0.9457865483934265,5.643902439024391,7.117073170731707,1.5170534662668274,-19.660975609756097,0.6760628488607817
-0.22380952380952382,-0.07142857142857142,0.45440162437752557,-0.08333333333333333,0.97578402915026,5.640476190476191,7.180952380952381,1.5545743822256441,-18.97142857142857,0.6909906369806249
-0.21395348837209302,-0.06046511627906977,0.4546791306508261,-0.05813953488372093,0.9781499929141102,5.620930232558139,7.232558139534884,1.5727926225170554,-18.37906976744186,0.6857673475224799
-0.20909090909090908,-0.06363636363636364,0.4498531590346411,-0.052272727272727276,0.9674922357392046,5.590909090909091,7.265909090909091,1.5700604612588835,-17.83409090909091,0.6785134852623603
-0.20444444444444443,-0.06666666666666667,0.4451761653343744,-0.053333333333333344,0.956461280877685,5.562222222222222,7.291111111111111,1.5612964051218672,-17.282222222222224,0.6714826050530937
-0.18478260869565216,-0.0391304347826087,0.47818093315283694,-0.01521739130434783,0.9804686841402483,5.55,7.352173913043478,1.5984352251755862,-16.747826086956522,0.6772386388216812
-0.14255319148936169,-0.03617021276595745,0.47338996330118954,0.036170212765957444,1.0317620074237068,5.561702127659574,7.425531914893617,1.6590290619236072,-16.32340425531915,0.729724391346863
-0.10208333333333332,-0.025000000000000005,0.4746779423316089,0.05833333333333333,1.0322116996565198,5.572916666666667,7.46875,1.6683736825666042,-15.820833333333333,0.7744564554695376
-0.05102040816326531,-0.0326530612244898,0.4727524700720068,0.03877551020408163,1.0305371428148955,5.59795918367347,7.46734693877551,1.65093253384035,-15.538775510204081,0.8456068947260088
0.005999999999999997,-0.08600000000000002,0.6010229375228299,0.025999999999999995,1.0239599003628124,5.632000000000001,7.47,1.634107133100208,-15.148,0.9289911139488464
0.058823529411764705,-0.16666666666666666,0.8281706748410419,0.039215686274509796,1.0180527356424223,5.664705882352941,7.496078431372549,1.6283686049925832,-14.609803921568627,0.9940173983564343
0.10961538461538461,-0.24615384615384617,1.0004825381787548,0.0423076923076923,1.0082689794105684,5.698076923076924,7.511538461538462,1.616174840832131,-14.340384615384616,1.0501651812900517
0.16226415094339622,-0.330188679245283,1.164471637475452,0.05283018867924528,1.0014611966031868,5.735849056603773,7.549056603773585,1.6236974236776616,-14.19433962264151,1.1083991254011936
0.21481481481481482,-0.40925925925925927,1.2915207532381057,0.08148148148148149,1.0140659935493526,5.770370370370371,7.5888888888888895,1.6347253726620745,-14.268518518518519,1.1638270323745767
0.25636363636363635,-0.4909090909090909,1.4155580926986762,0.10545454545454545,1.0202429234724557,5.796363636363637,7.627272727272727,1.6443454788675205,-14.496363636363636,1.1934642442724885
0.28928571428571426,-0.5732142857142858,1.5319020941215618,0.12678571428571428,1.0234506821050533,5.814285714285715,7.660714285714286,1.6484349129819058,-14.742857142857144,1.2079552326786966
0.31754385964912285,-0.6508771929824562,1.6274566931935706,0.13333333333333333,1.015475492658723,5.828070175438596,7.680701754385965,1.6406051362325373,-14.952631578947368,1.215983259843881
0.33620689655172414,-0.7189655172413794,1.694413617615843,0.13103448275862067,1.0066806487733038,5.834482758620689,7.693103448275862,1.6288907073463,-15.060344827586206,1.2136212704224405
0.3423728813559322,-0.7830508474576272,1.7503844447053656,0.12372881355932203,0.9995410986790728,5.828813559322033,7.701694915254237,1.6161353994812622,-15.054237288135594,1.2040453923495187
0.33999999999999997,-0.8333333333333334,1.7786556213075762,0.10666666666666667,0.999807891151615,5.8149999999999995,7.701666666666667,1.6023808204622618,-14.841666666666667,1.1939394982258225
0.3426229508196721,-0.8639344262295082,1.7798907070271894,0.08688524590163935,1.0034067652811705,5.804918032786886,7.69672131147541,1.5894409093676887,-14.51639344262295,1.1841254179623375
0.3387096774193548,-0.8806451612903226,1.7701383394745853,0.07419354838709677,1.0001533462540972,5.790322580645161,7.698387096774193,1.5764134366052158,-14.245161290322581,1.17478352923445
0.33015873015873015,-0.8952380952380952,1.7596213459451981,0.05555555555555555,1.0030241012409675,5.771428571428571,7.693650793650794,1.5641005882876007,-14.028571428571428,1.16724585140585
0.3140625,-0.896875,1.7456493538699764,0.018750000000000003,1.0376828582402786,5.7375,7.65,1.590447675820808,-13.646875,1.16508289609019
0.27999999999999997,-0.8753846153846153,1.7406025150460442,-0.039999999999999994,1.1332751210540182,5.690769230769231,7.604615384615385,1.6198409228639137,-13.161538461538461,1.1881182601071325
0.2287878787878788,-0.8242424242424242,1.7764320858707083,-0.08484848484848484,1.182076715490734,5.627272727272727,7.572727272727273,1.6280753577858031,-12.513636363636364,1.2502018485047373
0.1880597014925373,-0.7686567164179104,1.820689925444005,-0.1208955223880597,1.209625200333838,5.574626865671642,7.565671641791044,1.6167262318429434,-11.877611940298507,1.2847028176644826
0.15735294117647058,-0.7102941176470587,1.870041878841647,-0.14411764705882352,1.215740343563343,5.5249999999999995,7.564705882352941,1.6046355150264764,-11.258823529411766,1.2999788949458575
0.11739130434782608,-0.6492753623188405,1.9241975553159965,-0.14492753623188406,1.2067867192873196,5.459420289855072,7.581159420289856,1.5986460597053447,-10.67536231884058,1.3323968365030268
0.06285714285714286,-0.5871428571428572,1.9796736247309772,-0.13428571428571429,1.201313980399423,5.371428571428571,7.612857142857142,1.6090253984692895,-10.09,1.3991893541838014
0.008450704225352114,-0.5225352112676056,2.0394815295698905,-0.11971830985915492,1.1990019323599177,5.28169014084507,7.647887323943662,1.6245315065255477,-9.419718309859155,1.4628491259840686
-0.04444444444444444,-0.45972222222222225,2.0940330870452026,-0.10555555555555556,1.1965783246453006,5.194444444444445,7.6819444444444445,1.638732453211365,-8.768055555555556,1.5202750760073862
-0.09452054794520548,-0.37945205479452054,2.1896193799195625,-0.0917808219178082,1.1940539519563798,5.102739726027397,7.717808219178082,1.655910496923187,-8.13013698630137,1.5691372727782351
-0.10945945945945945,-0.2959459459459459,2.2901479995956224,-0.07567567567567567,1.193912735253386,5.037837837837838,7.756756756756757,1.6783130050029227,-7.786486486486487,1.5636424738427845
-0.12266666666666666,-0.212,2.3879743762489625,-0.07066666666666667,1.1866114978571742,4.973333333333334,7.786666666666667,1.6869397635261805,-7.533333333333333,1.557247513987362
-0.1394736842105263,-0.12631578947368421,2.4868383365793405,-0.061842105263157886,1.1811821316249986,4.903947368421052,7.819736842105263,1.7002760353810873,-7.498684210526315,1.553754931115236
-0.14935064935064934,-0.06493506493506493,2.528457311743052,-0.04415584415584415,1.1836043865304322,4.838961038961039,7.86103896103896,1.727498636160315,-7.659740259740259,1.5459304281192925
-0.15256410256410258,-0.020512820512820513,2.5424376775034903,-0.026923076923076918,1.1857019485895732,4.782051282051282,7.901282051282051,1.7526598405898723,-7.794871794871795,1.5361213053234644
-0.14303797468354432,-0.006329113924050633,2.52923124897827,-0.06455696202531645,1.224644163356007,4.737974683544304,7.887341772151899,1.745791062234054,-7.670886075949367,1.5285893903139787
-0.125,0.0225,2.5263660297858057,-0.18875,1.6476291943350956,4.70125,7.78625,1.9562133241597792,-7.10125,1.527428549780167
-0.1259259259259259,0.07407407407407407,2.5530754874159998,-0.13333333333333333,1.7115782190715094,4.6456790123456795,7.864197530864198,2.0666584527913234,-6.403703703703704,1.5178749765525632
-0.12439024390243901,0.1573170731707317,2.6468723909132796,-0.07926829268292683,1.7700343726088492,4.585365853658536,7.978048780487805,2.298094991549235,-6.032926829268293,1.5085403766726933
-0.13012048192771086,0.17349397590361446,2.634808473501715,-0.0012048192771084295,1.8975268869783533,4.524096385542169,8.044578313253012,2.36309289951095,-6.19156626506024,1.5002223363481206
-0.14047619047619048,0.13571428571428573,2.641679041508956,-0.027380952380952377,1.9012583778623708,4.45952380952381,8.039285714285715,2.3493150940986447,-6.10952380952381,1.4941749585156325
-0.14470588235294118,0.11058823529411765,2.6361056923591883,-0.052941176470588235,1.9045427044740337,4.4011764705882355,8.034117647058823,2.3357752328456924,-5.8623529411764705,1.4857662671363299
-0.14186046511627906,0.10930232558139535,2.620580443425677,-0.06976744186046512,1.899725662388983,4.351162790697674,8.037209302325582,2.3221717275317393,-5.504651162790697,1.477236300049288
-0.12643678160919541,0.12528735632183907,2.609562842780314,-0.059770114942528735,1.890949052362697,4.3149425287356316,8.066666666666666,2.324923938073987,-5.3,1.475651985987096
-0.11136363636363637,0.1409090909090909,2.5986573174833016,-0.05,1.882282791120167,4.279545454545455,8.095454545454546,2.3272453792802765,-5.1000000000000005,1.4739447281533296
-0.10561797752808989,0.15393258426966294,2.5867694919521496,-0.05955056179775281,1.873724966545347,4.234831460674157,8.104494382022471,2.315555603480294,-5.234831460674157,1.4665481697573355
-0.10444444444444445,0.17333333333333334,2.5787724629618523,-0.058888888888888886,1.863179259708453,4.1866666666666665,8.123333333333333,2.3094359445592922,-5.513333333333334,1.4583283574018908
-0.1,-0.35,0.07071067811865477,-0.09999999999999956,0.0,0.0,9.7,0.0,0.05,0.0
-0.06666666666666667,-0.3333333333333333,0.05773502691896258,-0.09999999999999971,0.0,0.0,9.7,0.0,0.03333333333333333,0.05773502691896258
-0.05,-0.325,0.049999999999999996,-0.09999999999999978,0.0,0.0,9.725,0.05000000000000071,0.025,0.05773502691896258
-0.04,-0.32,0.04472135954999579,-0.09999999999999983,0.0,0.02,9.719999999999999,0.044721359549996384,0.0,0.05477225575051662
-0.03333333333333333,-0.31666666666666665,0.04082482904638629,-0.09999999999999987,0.0,0.016666666666666666,9.716666666666667,0.04082482904638675,0.0,0.05163977794943223
-0.028571428571428574,-0.31428571428571433,0.037796447300922714,-0.09999999999999988,0.0,0.014285714285714287,9.714285714285714,0.037796447300923096,-0.028571428571428574,0.048795003647426664
-0.025,-0.3125,0.03535533905932737,-0.0999999999999999,0.0,0.0125,9.725,0.04629100498862815,-0.0125,0.04629100498862758
-0.022222222222222223,-0.30000000000000004,0.04999999999999999,-0.09999999999999991,0.0,0.011111111111111112,9.722222222222221,0.04409585518441038,-0.022222222222222223,0.04409585518440985
-0.02,-0.29,0.05676462121975466,-0.09999999999999991,0.0,0.01,9.73,0.04830458915396554,-0.02,0.0421637021355784
-0.018181818181818184,-0.2818181818181818,0.06030226891555271,-0.09999999999999992,0.0,0.009090909090909092,9.727272727272727,0.04670993664969205,-0.018181818181818184,0.04045199174779453
-0.016666666666666666,-0.27499999999999997,0.062158156050806095,-0.09999999999999994,0.0,0.008333333333333333,9.725,0.045226701686665184,-0.025000000000000005,0.03892494720807615
-0.015384615384615385,-0.27692307692307694,0.0599144689515278,-0.10769230769230763,0.02773500981126146,0.015384615384615385,9.715384615384615,0.055470019622523355,-0.02307692307692308,0.03755338080994054
-0.014285714285714287,-0.2785714285714286,0.057893422352183935,-0.11428571428571423,0.036313651960128146,0.021428571428571432,9.707142857142857,0.061572792621488445,-0.021428571428571432,0.03631365196012815
-0.013333333333333334,-0.2733333333333333,0.05936168397046636,-0.11333333333333329,0.035186577527449844,0.020000000000000004,9.706666666666667,0.0593616839704666,-0.02666666666666667,0.035186577527449844
-0.0125,-0.26875,0.060207972893961466,-0.11874999999999995,0.04031128874149275,0.018750000000000003,9.7,0.06324555320336771,-0.03125,0.034156502553198666
-0.011764705882352941,-0.2647058823529412,0.060633906259083235,-0.11176470588235289,0.048507125007266595,0.023529411764705882,9.705882352941176,0.06586528140164345,-0.023529411764705882,0.03321055820775358
-5.9,-3.4499999999999997,4.737615433949868,6.800000000000001,2.2627416997969525,2.4,8.4,2.2627416997969525,149.0,3.3941125496954285
-6.433333333333334,-2.2333333333333334,3.957692930652065,5.833333333333333,2.315887159024234,1.8,7.433333333333334,2.3158871590242334,114.86666666666667,2.5716402029314547
-6.275,-3.3,3.8721225875911176,5.775,1.8945096111307191,1.9249999999999998,7.375,1.894509611130719,72.325,2.1234798484249073
-6.34,-3.84,3.5641268215370787,5.66,1.6607227342335027,1.86,7.3,1.6492422502470645,50.04,1.8447222013083706
-6.3999999999999995,-3.716666666666667,3.2021347046410567,5.7,1.4886235252742719,1.8,7.383333333333333,1.489183221321899,42.166666666666664,1.6565023392678926
-6.3999999999999995,-3.6,2.9393876913398134,5.957142857142857,1.5197117521174237,1.8,7.728571428571429,1.6377975920060923,34.128571428571426,1.5121728296285009
-6.4375,-3.5375,2.7270798091941284,6.2875,1.6889874396894051,1.75,8.1625,1.9507782329843941,26.9875,1.4040121082098973
-6.522222222222222,-3.5,2.553429066960741,6.811111111111111,2.2279163160027156,1.6444444444444446,8.822222222222223,2.6920149413486634,21.233333333333334,1.337701179054741
-6.590000000000001,-3.45,2.4125827562086974,7.290000000000001,2.5894872937406825,1.54,9.47,3.261577668688712,17.07,1.2792793110011418
-6.636363636363637,-3.3545454545454545,2.310568603769919,7.645454545454545,2.7248352744206894,1.4636363636363638,9.972727272727273,3.514851606850825,13.718181818181819,1.223333746181088
-6.633333333333333,-3.25,2.232609561599487,7.7749999999999995,2.636500780131947,1.425,10.258333333333333,3.494270201690798,11.091666666666667,1.1664501963676206
-6.561538461538461,-3.1923076923076925,2.147658235715333,7.8538461538461535,2.5402150120988396,1.4461538461538461,10.5,3.457118260439853,8.707692307692309,1.1463990445001118
-6.485714285714286,-3.0928571428571425,2.0966876021713157,7.942857142857143,2.463179398105779,1.4714285714285715,10.757142857142856,3.458037301421427,6.485714285714287,1.1373769707649148
-6.4399999999999995,-2.993333333333333,2.0568584459477677,8.06,2.4165500792895407,1.4666666666666666,11.026666666666667,3.491922652282524,4.453333333333334,1.1102123349032962
-6.45,-2.86875,2.0486479281060794,8.19375,2.395125257684867,1.40625,11.31875,3.5701015391722417,2.8625000000000003,1.0733126291998991
-6.476470588235294,-2.7470588235294118,2.046068683799136,8.31764705882353,2.374667159339822,1.3235294117647058,11.576470588235296,3.6163741184653295,1.835294117647059,1.044945819028854
-6.511111111111111,-2.6055555555555556,2.0737780873457883,8.394444444444444,2.3266922297601256,1.25,11.783333333333333,3.6165062763748703,1.0888888888888892,1.0243442027715264
-6.552631578947368,-2.442105263157895,2.137578014034078,8.43157894736842,2.266924649921354,1.1736842105263159,11.889473684210527,3.544932962356601,0.37894736842105287,1.0118017049098502
-6.58,-2.2649999999999997,2.226225268783108,8.365,2.226461672463141,1.1300000000000001,11.86,3.4529011448041023,-0.48999999999999977,0.9923921126566646
-6.585714285714286,-2.119047619047619,2.270598830180939,8.19047619047619,2.3127699327656353,1.1,11.780952380952382,3.3849104932950667,-1.6714285714285713,0.9676185789275207
-6.586363636363637,-2.0045454545454544,2.2800328470330826,7.918181818181818,2.5933314414798514,1.0772727272727272,11.6,3.410627647864973,-3.1818181818181817,0.944303953560482
-6.591304347826087,-1.9260869565217391,2.2591666587693044,7.634782608695652,2.8752246861849646,1.0521739130434782,11.4,3.4675115520552158,-4.7043478260869565,0.9228971396828483
-6.6125,-1.8833333333333335,2.2194136841628413,7.345833333333334,3.148219533622784,1.0083333333333333,11.195833333333333,3.53571580191113,-6.116666666666667,0.9085643237739321
-6.632000000000001,-1.86,2.1758140239153407,7.072,3.3723779938395597,0.96,11.012,3.5812381471589783,-7.192,0.8947625383307015
-6.642307692307692,-1.8615384615384616,2.1318680865526223,6.81923076923077,3.5467189604781746,0.926923076923077,10.850000000000001,3.6048023524182304,-8.011538461538462,0.8782587668440672
-6.625925925925926,-1.8407407407407408,2.0932601108648425,6.5851851851851855,3.684343559494345,0.9074074074074074,10.703703703703704,3.6156158621565524,-8.574074074074074,0.8654001264833389
-6.582142857142857,-1.8,2.0654118054097412,6.310714285714285,3.896279258920241,0.9142857142857144,10.510714285714286,3.6920675012602953,-9.325000000000001,0.8802581992543422
-6.537931034482758,-1.7620689655172415,2.0384542100578233,6.055172413793104,4.066025279846976,0.9275862068965517,10.299999999999999,3.798966024741846,-10.262068965517242,0.8965863009626522
-6.483333333333333,-1.7833333333333334,2.0063834909218325,5.763333333333334,4.303205167389033,0.9566666666666667,10.063333333333333,3.951558691447468,-11.31,0.930362678015234
-6.412903225806452,-1.8387096774193548,1.9966100302520837,5.467741935483871,4.539705357309304,1.0,9.845161290322581,4.070613279730498,-12.080645161290322,0.9952359638075353
-6.340625,-1.903125,1.9976573982155104,5.203125,4.710077348519051,1.040625,9.6625,4.1355851479722965,-12.65,1.0609975145147377
-6.257575757575758,-1.9575757575757573,1.9909216306509758,5.03030303030303,4.741010233094106,1.0969696969696972,9.548484848484849,4.12281163256045,-12.715151515151517,1.14810449846429
-6.161764705882353,-1.9823529411764707,1.9658401840519775,4.897058823529412,4.7328308713750795,1.161764705882353,9.473529411764707,4.0833222379710294,-12.564705882352941,1.2610757086547189
-6.071428571428571,-2.005714285714286,1.9416401279729008,4.768571428571429,4.724265982735333,1.2342857142857144,9.402857142857144,4.044494130680529,-12.397142857142859,1.352464293009448
-5.969444444444445,-2.0166666666666666,1.914829347114627,4.644444444444444,4.715472674046849,1.3166666666666667,9.336111111111112,4.006362994593032,-12.341666666666667,1.466739716795518
-5.864864864864865,-2.018918918918919,1.888096901620759,4.54054054054054,4.692278495302412,1.4027027027027026,9.291891891891892,3.959473757007671,-12.397297297297296,1.579946591259094
-5.7631578947368425,-2.026315789473684,1.8629654086423635,4.45,4.661965134888818,1.4894736842105263,9.25263157894737,3.913092151345502,-12.436842105263159,1.6798360686801228
-5.653846153846154,-2.0307692307692307,1.838499652341528,4.3769230769230765,4.622796006204443,1.587179487179487,9.233333333333334,3.863141163499311,-12.36923076923077,1.7926525705965437
-5.5275,-2.0275,1.8148938656543374,4.3225,4.576107824397587,1.6949999999999998,9.2225,3.813907579588293,-12.227500000000001,1.9415811029898233
-5.409756097560976,-2.021951219512195,1.7924162735148819,4.2682926829268295,4.531856078054015,1.7975609756097561,9.22439024390244,3.7659514393978113,-12.03170731707317,2.06007340622231
-5.295238095238095,-2.0047619047619047,1.7739239102872948,4.2404761904761905,4.479876932314946,1.8952380952380952,9.238095238095237,3.7208019317210006,-11.780952380952382,2.16591696133333
-5.202325581395349,-1.9534883720930232,1.7846366626623795,4.288372093023256,4.437352777025294,1.9720930232558138,9.327906976744186,3.723114772631683,-11.404651162790698,2.225018819834054
-5.122727272727273,-1.8840909090909093,1.8228451032967963,4.363636363636363,4.413778158464163,2.034090909090909,9.445454545454545,3.7612748052590543,-11.034090909090908,2.26149401496091
-5.044444444444444,-1.8177777777777777,1.856106492939269,4.435555555555555,4.389924184246732,2.088888888888889,9.551111111111112,3.78523580520555,-10.715555555555556,2.296494913752018
-4.980434782608696,-1.7478260869565219,1.895695607355989,4.480434782608696,4.351532019631063,2.13695652173913,9.606521739130434,3.7617609454387217,-10.517391304347827,2.3119611266644884
-4.912765957446808,-1.6808510638297873,1.9303793609899065,4.448936170212765,4.309386738394986,2.18936170212766,9.61063829787234,3.720754601033249,-10.54468085106383,2.3332769474707713
-4.847916666666666,-1.6166666666666665,1.960821943735703,4.41875,4.268422213358159,2.2395833333333335,9.597916666666666,3.682014341352989,-10.7125,2.3516394990162364
-4.7877551020408164,-1.5816326530612246,1.9557259382587917,4.3795918367346935,4.232610482503515,2.287755102040816,9.591836734693878,3.643706716992435,-11.193877551020408,2.3648143560913004
-4.73,-1.546,1.951996361656027,4.34,4.1985420209926225,2.33,9.592,3.6063345629034256,-11.712,2.3759208741033446
-4.6803921568627445,-1.5215686274509803,1.9402385137389884,4.307843137254902,4.162683900430341,2.3627450980392157,9.592156862745098,3.5700892502711983,-12.272549019607842,2.3785726482782183
-4.638461538461538,-1.5115384615384615,1.9224834680085585,4.273076923076923,4.129288757283225,2.3884615384615384,9.59423076923077,3.5349467345760104,-12.686538461538463,2.3744682662674848
-4.6000000000000005,-1.5037735849056604,1.904747334763544,4.241509433962264,4.095843764028649,2.4113207547169813,9.60754716981132,3.502133913037537,-12.99433962264151,2.368137859812415
-4.568518518518518,-1.4925925925925925,1.8884806563420387,4.233333333333333,4.0574645861577805,2.424074074074074,9.648148148148149,3.4817443438241167,-13.194444444444445,2.357070781597769
-4.541818181818182,-1.4854545454545456,1.8716617870539125,4.238181818181818,4.019880729255667,2.432727272727273,9.690909090909091,3.463902355526139,-13.332727272727272,2.343524641241851
-4.516071428571428,-1.4910714285714286,1.8550448939153894,4.239285714285715,3.9831772868780644,2.4410714285714286,9.719642857142857,3.438996663555819,-13.217857142857143,2.3301015807520877
-4.485964912280702,-1.487719298245614,1.8385815743430542,4.203508771929824,3.9566835369446496,2.450877192982456,9.719298245614034,3.4081540141931903,-12.738596491228071,2.320363164039755
-4.460344827586207,-1.4724137931034484,1.826106307645849,4.1706896551724135,3.929778736715368,2.4551724137931035,9.724137931034482,3.3783267084552846,-12.21206896551724,2.3081806958342543
-4.4355932203389825,-1.4542372881355932,1.815671437873538,4.135593220338983,3.9050702104979833,2.457627118644068,9.716949152542371,3.3495317502071575,-11.632203389830508,2.2960808221885856
-4.41,-1.4333333333333333,1.8074860026339108,4.091666666666667,3.8867568139868807,2.4633333333333334,9.693333333333333,3.3260587286857506,-11.06,2.285154743860869
-4.380327868852459,-1.4180327868852458,1.7963396297954823,4.011475409836065,3.9047875896415394,2.4688524590163934,9.640983606557377,3.323470929073015,-10.539344262295081,2.2778513027362104
-4.354838709677419,-1.4016129032258065,1.7862399317004614,3.920967741935484,3.9376758184748244,2.4661290322580647,9.596774193548388,3.314447645396924,-10.109677419354838,2.2680010277959655
-4.333333333333333,-1.380952380952381,1.77934902402782,3.842857142857143,3.9546915497237234,2.463492063492063,9.566666666666668,3.2962833420335316,-9.692063492063493,2.256102834535696
-4.3140625,-1.3703125,1.7672218074329737,3.78125,3.9540164430292943,2.4578125,9.540625,3.2766474712415516,-9.2515625,2.2434290071935554
-4.293846153846154,-1.3676923076923078,1.7534882816392454,3.6984615384615385,3.9793801459717124,2.453846153846154,9.493846153846155,3.2727509893759934,-8.81230769230769,2.2317927857356157
-4.274242424242424,-1.3666666666666667,1.7399675800103804,3.6075757575757574,4.017090818990609,2.4499999999999997,9.437878787878788,3.279153978673588,-8.353030303030302,2.2202779178819108
-4.252238805970149,-1.3582089552238805,1.7281229310344428,3.508955223880597,4.0674514149669,2.4492537313432834,9.373134328358208,3.2970869644853886,-7.849253731343283,2.210742245364886
-4.230882352941176,-1.3455882352941178,1.71833256763464,3.4073529411764705,4.123008471813748,2.4499999999999997,9.302941176470588,3.3231872216173723,-7.404411764705882,2.2012382779022004
-4.2101449275362315,-1.334782608695652,1.7080110626929002,3.3043478260869565,4.181064977709158,2.4507246376811596,9.231884057971014,3.3510530721315237,-7.02463768115942,2.1917723775879914
-4.188571428571429,-1.3257142857142856,1.6972856176580602,3.1942857142857144,4.251577225300219,2.452857142857143,9.15,3.3964922229102577,-6.758571428571429,2.183305754255035
-4.166197183098592,-1.3211267605633803,1.6855618387569298,3.0901408450704224,4.31135228800754,2.4577464788732395,9.073239436619719,3.4336135794931395,-6.550704225352113,2.1758376818380176
-4.144444444444444,-1.3180555555555555,1.6738524670284272,2.995833333333333,4.355033917495386,2.4625000000000004,9.004166666666666,3.459359115928521,-6.355555555555556,2.168330888480938
-4.123287671232877,-1.3164383561643835,1.6622452769463938,2.921917808219178,4.370553186933818,2.467123287671233,8.954794520547946,3.4610547965055414,-6.142465753424658,2.160794642149118
-4.098648648648648,-1.3135135135135136,1.6510125016597545,2.8689189189189186,4.364392837801252,2.4756756756756757,8.925675675675675,3.446382292647098,-5.882432432432433,2.156385436055847
-4.070666666666667,-1.3079999999999998,1.6405140921328554,2.824,4.3522234143766845,2.488,8.904,3.428160013925997,-5.613333333333333,2.155431438177676
-4.038157894736842,-1.3013157894736842,1.6305821799633513,2.781578947368421,4.338900337683603,2.503947368421053,8.88421052631579,3.4095963644427276,-5.376315789473685,2.159689305140173
-4.0051948051948045,-1.296103896103896,1.6204646473385633,2.7363636363636363,4.328483054170276,2.520779220779221,8.858441558441559,3.394630072449205,-5.167532467532468,2.1648444762357526
-3.971794871794872,-1.2846153846153847,1.6131019503112325,2.684615384615385,4.324502131034124,2.537179487179487,8.82948717948718,3.3821958967879278,-4.962820512820513,2.170875545189229
-3.9367088607594938,-1.268354430379747,1.6092317249431336,2.6316455696202534,4.322408644280778,2.5556962025316454,8.79620253164557,3.3734423960519466,-4.824050632911392,2.179342244641593
-3.905,-1.24375,1.6140870170886628,2.58625,4.314114126469365,2.56875,8.77125,3.3594451677982553,-4.74625,2.1839981916809874
-3.879012345679012,-1.2160493827160495,1.6232264775843401,2.550617283950617,4.299044180303051,2.5753086419753086,8.75679012345679,3.3409182222708242,-4.716049382716049,2.1828717352024327
-3.854878048780488,-1.1890243902439024,1.6316322281055964,2.5414634146341464,4.273228496417621,2.576829268292683,8.768292682926829,3.321864642546803,-4.795121951219512,2.1803359373635773
-3.827710843373494,-1.1626506024096386,1.6393567182292237,2.5542168674698793,4.248681322102799,2.57710843373494,8.803614457831326,3.317192678181157,-4.981927710843373,2.1810890797730793
-3.8011904761904765,-1.1392857142857142,1.6434622473143932,2.5726190476190474,4.226375906010955,2.5761904761904764,8.844047619047618,3.3179087327940318,-5.215476190476191,2.1814935774239492
-3.767058823529412,-1.1188235294117646,1.6445070268455946,2.5917647058823525,4.204850140716355,2.5788235294117645,8.885882352941175,3.3205762889529145,-5.53764705882353,2.19118299399326
-3.723255813953488,-1.0965116279069766,1.647846914250343,2.6069767441860465,4.182422340551814,2.5872093023255816,8.924418604651162,3.3202741221528735,-5.948837209302326,2.2158081472803635
-3.67816091954023,-1.0758620689655172,1.6495218135301963,2.627586206896552,4.162476053570965,2.5965517241379312,8.967816091954024,3.3256401465566303,-6.379310344827586,2.2426845047302764
-3.6363636363636362,-1.0636363636363635,1.6440195917241471,2.6761363636363638,4.163469881295599,2.6011363636363636,9.038636363636364,3.3725542630257705,-6.679545454545454,2.263969752152729
-3.621348314606742,-1.002247191011236,1.7342130471045651,2.752808988764045,4.202463830563091,2.5764044943820226,9.137078651685394,3.479563126394146,-6.68314606741573,2.255522107976553
-3.6122222222222224,-0.9155555555555556,1.9105214954350422,2.8266666666666667,4.237123255599967,2.5455555555555556,9.23111111111111,3.573109445722467,-6.656666666666667,2.244485265571105
-3.5824175824175826,-0.8219780219780219,2.099142798477628,2.8835164835164835,4.248274518653001,2.534065934065934,9.306593406593406,3.625428777639112,-7.2010989010989,2.2500169582863845
-3.5380434782608696,-0.7456521739130434,2.212224430891356,2.9086956521739133,4.231765074129028,2.5380434782608696,9.346739130434782,3.6259580344321383,-8.673913043478262,2.2777394997800124
-3.4978494623655916,-0.6870967741935484,2.2714784405206996,2.9043010752688176,4.208916879634563,2.5408602150537636,9.35483870967742,3.6070437169344904,-10.478494623655914,2.298249735485097
-3.471276595744681,-0.6627659574468084,2.2715152463779695,2.8691489361702125,4.200077485095401,2.5361702127659576,9.327659574468084,3.5972631249869975,-12.696808510638299,2.3003329511427295
-3.4336842105263155,-0.6957894736842105,2.282212242795269,2.7926315789473684,4.243724831787321,2.5473684210526315,9.25578947368421,3.6460038103373407,-14.92736842105263,2.31721634754802
-3.3781250000000003,-0.7510416666666666,2.333824274793206,2.7270833333333333,4.269906424875489,2.580208333333333,9.19375,3.67735066246569,-16.610416666666666,2.3683973317525573
-3.308247422680412,-0.852577319587629,2.5278487553445332,2.6824742268041235,4.270270539567681,2.6288659793814433,9.15360824742268,3.679449173440405,-16.92886597938144,2.454488664632819
-3.289795918367347,-0.8969387755102042,2.5528417188642427,2.6438775510204082,4.265349874495875,2.6255102040816327,9.120408163265306,3.6751592765448846,-15.88469387755102,2.4486263683832887
-3.2818181818181817,-0.9242424242424242,2.5542717684618856,2.596969696969697,4.2691215591532945,2.61010101010101,9.080808080808081,3.677529027554435,-14.486868686868688,2.437394210634258
-3.281,-0.927,2.5414882699439367,2.546,4.277977904278486,2.5839999999999996,9.038,3.6838654490174654,-12.868,2.4250666969896906
-3.2782178217821785,-0.9237623762376237,2.5289582248369182,2.495049504950495,4.287222323081082,2.558415841584158,8.996039603960396,3.689577775086988,-11.432673267326733,2.4130728940666524
-3.268627450980392,-0.9088235294117647,2.520926395066281,2.4450980392156865,4.295671951516505,2.5372549019607846,8.955882352941176,3.693600929662854,-10.16470588235294,2.403050058281209
-3.2592233009708735,-0.8941747572815534,2.512940049951585,2.3961165048543687,4.3033712805718265,2.516504854368932,8.916504854368933,3.6971132641185487,-8.921359223300971,2.393145312943514
-3.246153846153846,-0.8778846153846154,2.5062235827538024,2.348076923076923,4.310361883512906,2.498076923076923,8.877884615384614,3.7001431809286345,-7.890384615384615,2.385226499062453
-3.2333333333333334,-0.861904761904762,2.49951460489297,2.300952380952381,4.316682648081636,2.48,8.84,3.7027172974202864,-6.879047619047618,2.377363870836557
-3.208490566037736,-0.8735849056603773,2.490488645371099,2.2726415094339623,4.305954526530241,2.473584905660377,8.820754716981131,3.6903662737594694,-6.481132075471698,2.3798006288854303
-3.1813084112149532,-0.8869158878504674,2.4825460193401088,2.2327102803738317,4.3054545417989365,2.4691588785046727,8.789719626168225,3.6869206504769085,-6.0,2.385179509130842
-3.150925925925926,-0.8972222222222223,2.473238383109981,2.187962962962963,4.310446289372912,2.465740740740741,8.77037037037037,3.6751567900753908,-5.401851851851852,2.394912652119944
-3.1211009174311926,-0.8954128440366972,2.461834054382014,2.1577981651376144,4.301986913430809,2.459633027522936,8.779816513761467,3.659431746427553,-4.848623853211009,2.4040503397428417
-3.0963636363636367,-0.869090909090909,2.4660165648433376,2.1763636363636363,4.28663224610468,2.45,8.81181818181818,3.658037068701829,-4.414545454545454,2.4070205905717135
-3.081081081081081,-0.854954954954955,2.4592954918297876,2.2036036036036037,4.276743194363247,2.428828828828829,8.854054054054053,3.6684597655687945,-4.103603603603603,2.401458402097038
-3.06875,-0.8482142857142857,2.449231618535806,2.220535714285714,4.26120438062853,2.4035714285714285,8.873214285714285,3.657522967798598,-3.6517857142857144,2.3941757877613554
-3.0424778761061946,-0.8557522123893806,2.4395893262822415,2.2035398230088497,4.245984010205152,2.3911504424778762,8.873451327433628,3.641159001587541,-3.0946902654867254,2.399769531707105
-3.015789473684211,-0.8614035087719298,2.429520101632289,2.1859649122807014,4.231317650650309,2.3815789473684212,8.876315789473685,3.625140891533087,-2.504385964912281,2.4060608922538416
-2.9869565217391303,-0.8495652173913044,2.4221700402826216,2.207826086956522,4.219236395245308,2.369565217391304,8.930434782608696,3.6555695049878487,-1.812173913043478,2.4153573612001162
-2.9530434782608697,-0.7739130434782608,2.3699910043696977,2.187826086956522,4.195008475538496,2.3330434782608696,8.978260869565217,3.705325295488266,-2.708695652173913,2.4353868434071066
-2.9267241379310347,-0.7362068965517242,2.3943555564566084,2.2241379310344827,4.194999521991063,2.318103448275862,9.033620689655173,3.737051708534935,-2.157758620689655,2.4412882471857107
-2.854310344827586,-0.7112068965517241,2.4160971601440977,2.218965517241379,4.191666967212208,2.3241379310344823,9.093103448275862,3.756055380846775,-2.9784482758620685,2.404828195666931
-2.7573913043478258,-0.648695652173913,2.3728495423055227,2.181739130434783,4.195603016038603,2.3295652173913046,9.166086956521738,3.7624153999120096,-2.7878260869565215,2.3811415834163667
-2.726724137931034,-0.631896551724138,2.3694284446724256,2.1810344827586206,4.177328328491549,2.3224137931034488,9.182758620689656,3.7503223249781334,-2.6456896551724136,2.3936640190891167
-2.6295652173913044,-0.548695652173913,2.3187400245169187,2.1052173913043477,4.174984892887068,2.3286956521739133,9.21304347826087,3.7588380469242546,-2.274782608695652,2.3658748581430924
-2.5669565217391304,-0.5208695652173913,2.309457886269322,2.04,4.148468328634583,2.329565217391304,9.205217391304348,3.758542165083749,-2.1017391304347823,2.360483214696727
3.25,-5.95,3.464823227814083,18.45,2.899137802864846,10.4,15.2,0.0,-31.2,5.868986283848345
3.8000000000000003,-8.233333333333334,4.6522396040330225,14.833333333333334,6.591155690266565,9.566666666666668,10.966666666666667,7.332348418708246,-31.433333333333334,4.257933771208754
3.9000000000000004,-9.75,4.861069841094653,14.25,5.506662631152677,8.975,10.1,6.232709416190254,-29.15,3.4823363804587673
3.78,-10.32,4.39852247919685,14.2,4.7702201207072195,8.5,9.9,5.416179465268852,-28.560000000000002,3.0277054017853193
-0.44999999999999973,1.45,5.020458146424487,-1.1,1.5556349186104046,1.5,8.35,1.4849242404917504,134.8,6.576093065034891
-0.6999999999999998,2.766666666666667,4.219399641339196,-1.1,1.1,1.6666666666666667,8.233333333333334,1.069267662156363,145.73333333333332,4.670117771534247
-0.39999999999999986,3.8000000000000003,4.017461885320134,-2.4,2.7507574714370344,2.475,6.75,3.092463958291726,144.025,3.8600518131237562
0.020000000000000108,4.82,4.160168265827718,-3.5599999999999996,3.5217893179462054,3.18,4.32,6.057804882958842,127.25999999999999,3.4723191097593546
-0.26666666666666655,4.016666666666667,4.209235876815015,-5.8999999999999995,6.54033638278644,3.3666666666666667,1.8833333333333335,8.061120683048149,110.39999999999999,3.1841273006377535
-0.4999999999999999,3.542857142857143,4.041805348627081,-7.1000000000000005,6.762149559619831,3.6,0.47142857142857153,8.252618632029126,100.15714285714286,2.971531591620725
-0.6749999999999999,3.1875,3.8746197970160337,-8.0,6.7582753505821085,3.775,-0.5874999999999999,8.206519620747535,92.475,2.795276628273386
-0.6888888888888888,2.9222222222222225,3.7107202056264557,-8.399999999999999,6.434671708797583,4.088888888888889,-1.211111111111111,7.901177830621907,86.35555555555555,2.6150738251741785
-0.7,2.64,3.610540125798355,-8.18,6.1064264872709675,4.45,-1.1199999999999999,7.454871636125676,83.46000000000001,2.4657656011875906
-0.709090909090909,2.409090909090909,3.5098303507305153,-8.0,5.8237444998900845,4.745454545454546,-1.0454545454545454,7.076632481111851,81.32727272727273,2.339424948766062
-0.5499999999999999,2.341666666666667,3.3546327080711245,-7.566666666666666,5.752048383494406,5.1000000000000005,-0.85,6.781190563208312,79.55,2.2976272345815607
-0.41538461538461535,2.284615384615385,3.2183966385572993,-7.199999999999999,5.663626635528394,5.4,-0.6846153846153845,6.519821847495292,78.04615384615384,2.25271915465368
-0.29999999999999993,2.2357142857142858,3.097544224023318,-6.885714285714286,5.567053791018004,5.6571428571428575,-0.5428571428571428,6.28645849740221,76.75714285714285,2.206981928056782
-0.19999999999999998,2.1933333333333334,2.989378020990479,-6.613333333333333,5.467288001855957,5.88,-0.41999999999999993,6.076441627889044,75.64,2.1616792414364214
-0.012499999999999983,2.2,2.888136654199959,-6.50625,5.299241297896647,6.19375,-0.54375,5.891232893036907,70.3875,2.2189712331018026
0.029411764705882366,1.964705882352941,2.9599284570050397,-6.382352941176471,5.156335337974739,6.352941176470588,-0.6411764705882352,5.718288514005897,66.33529411764707,2.1554479539884377
0.12222222222222223,1.8055555555555556,2.949869832067814,-6.361111111111111,5.003191791704088,6.544444444444444,-0.7999999999999999,5.588328172602776,62.78333333333333,2.127842197697154
0.26842105263157895,1.6947368421052633,2.9071700030958945,-6.315789473684211,4.866240067820414,6.778947368421053,-0.9052631578947368,5.4502266705371,59.33157894736842,2.163857828452319
0.41,1.705,2.830003719543771,-6.095000000000001,4.8382766614396475,7.034999999999999,-0.725,5.365766242431835,54.785000000000004,2.199258248161244
0.23809523809523808,1.823809523809524,2.8115662471129435,-5.390476190476191,5.715059471423265,6.923809523809524,-0.1238095238095237,5.911167800181683,48.69047619047619,2.283741708354119
-0.08636363636363638,1.7454545454545454,2.7683117208056216,-4.763636363636364,6.304839067810984,6.654545454545455,0.40454545454545465,6.278495214978042,41.945454545454545,2.698729057934221
-0.42608695652173917,1.373913043478261,3.2388574572615103,-4.221739130434782,6.685666929520952,6.395652173913043,0.8826086956521741,6.548605137661902,36.404347826086955,3.09944531566894
-0.7208333333333333,0.8166666666666668,4.181706190858782,-3.6916666666666664,7.035494894163246,6.154166666666666,1.425,6.933990005134443,34.266666666666666,3.357662122301205
-1.02,0.3960000000000001,4.602397925719446,-3.072,7.552180700521759,5.86,1.8960000000000001,7.1849077934236565,37.756,3.6113247800034083
-1.2846153846153845,-0.019230769230769162,4.98172815242014,-2.8846153846153846,7.4610290071915575,5.634615384615385,2.019230769230769,7.067730568196228,46.176923076923075,3.786892373193863
-1.5148148148148148,-0.24074074074074067,5.018754002528091,-2.803703703703704,7.328211109314336,5.4222222222222225,2.0444444444444447,6.931718253702897,57.729629629629635,3.901252629575798
-1.7214285714285715,-0.06785714285714281,5.009180724868242,-2.642857142857143,7.241415278665851,5.2178571428571425,2.167857142857143,6.833417537228003,69.01428571428572,3.981378613166005
-1.893103448275862,0.006896551724137983,4.935362993921864,-2.5379310344827584,7.133342924659389,4.951724137931034,2.1413793103448278,6.711797568534469,78.64482758620689,4.01745575444413
-1.8233333333333335,-0.14999999999999994,4.925076579135072,-2.5866666666666664,7.014356378335709,4.943333333333333,2.1033333333333335,6.598353155736368,89.07,3.9660353984311834
-1.7580645161290323,-0.2967741935483871,4.910769381062248,-2.6322580645161286,6.901129718955401,4.935483870967742,2.067741935483871,6.490474409819064,98.8225806451613,3.916271542640899
-1.603125,-0.296875,4.830914184172464,-2.728125,6.81053426803867,4.98125,1.996875,6.397503765960897,104.90625,3.9510296228508794
-1.621212121212121,-0.17575757575757572,4.805467608817474,-2.9787878787878785,6.85619052279387,4.839393939393939,1.7878787878787878,6.410185136550151,112.9969696969697,3.8901926025389133
-1.7470588235294118,0.09411764705882356,4.986888334268877,-2.914705882352941,6.761841794683456,4.576470588235294,1.8852941176470586,6.337819735664823,119.83823529411765,3.900445607341407
-1.8457142857142856,0.38,5.195971290053364,-2.8085714285714283,6.6911869793988945,4.334285714285714,2.02,6.294572825762167,124.19142857142856,3.8867302799277907
2.0,-6.4,0.14142135623730995,-1.9,0.14142135623730956,3.4,6.400000000000002,0.0,-13.4,0.14142135623730964
1.7,-5.800000000000001,1.0440306508910553,-1.2,1.2165525060596438,3.1666666666666665,7.200000000000002,1.385640646055102,-11.700000000000001,0.529150262212918
1.55,-5.4750000000000005,1.0719919153924002,-0.975,1.0904891868637059,3.075,7.475000000000001,1.2579745625409127,-10.475,0.5259911279353165
1.4600000000000002,-5.220000000000001,1.0894952959971878,-1.02,0.9497368056467013,3.06,7.480000000000001,1.0894952959971882,-9.24,0.4979959839195492
1.4000000000000001,-5.0,1.1135528725660042,-1.2,0.9570788891204319,3.0666666666666664,7.350000000000001,1.0251829105091446,-8.183333333333334,0.46904157598234286
1.3571428571428572,-4.8428571428571425,1.0982670331893223,-1.4000000000000001,1.021436896402971,3.085714285714286,7.200000000000001,1.0165300454651274,-7.428571428571429,0.44293394111365647
1.3125,-4.7125,1.0815828348173007,-1.6375,1.1599722903094345,3.1,7.000000000000001,1.0980502200328937,-6.8875,0.4290770826519901
1.2666666666666666,-4.611111111111111,1.0564615994493651,-1.9000000000000001,1.3407087677791925,3.111111111111111,6.7666666666666675,1.2429802894656055,-6.122222222222223,0.4242640687119284
1.23,-4.529999999999999,1.0285372569279583,-2.12,1.442836712098004,3.13,6.580000000000001,1.3121653012398165,-5.3100000000000005,0.4164666186436127
1.2000000000000002,-4.427272727272728,1.0335288182638247,-2.2181818181818183,1.406995509458493,3.1636363636363636,6.5,1.2727922061357857,-4.3545454545454545,0.40743097574926707
1.1833333333333333,-4.316666666666666,1.0572978709326843,-2.2083333333333335,1.3419513155600442,3.2083333333333335,6.525000000000001,1.2166459109894188,-3.516666666666667,0.3927370930309793
1.1692307692307693,-4.2153846153846155,1.0761398250584924,-2.161538461538462,1.2958513684951563,3.253846153846154,6.592307692307693,1.189861013215086,-2.8076923076923075,0.3794395326983719
1.1714285714285713,-4.128571428571428,1.0837460470541491,-2.05,1.3130996798532735,3.307142857142857,6.721428571428572,1.241078049630532,-2.2642857142857142,0.3646464492724875
1.18,-4.04,1.0992205030319049,-1.9200000000000002,1.3618265045781084,3.3666666666666667,6.866666666666666,1.3216151734399342,-1.8533333333333333,0.3529467786670229
1.19375,-3.95625,1.1135341635232092,-1.80625,1.3921057191655142,3.43125,6.987500000000001,1.3652228145373684,-1.6,0.3453862572058514
1.2058823529411764,-3.9,1.1028372500056387,-1.711764705882353,1.4030691148965082,3.5,7.088235294117647,1.385587579756859,-1.5705882352941176,0.3381393725878688
1.2111111111111112,-3.861111111111111,1.0825562824052906,-1.6222222222222222,1.4131964417612068,3.572222222222222,7.188888888888889,1.410418748369304,-1.4055555555555557,0.3287926020508956
1.2105263157894737,-3.8263157894736843,1.0629320586959021,-1.5368421052631578,1.4229119307157063,3.642105263157895,7.278947368421053,1.4257859225970857,-1.1578947368421053,0.31953914182443227
1.22,-3.7700000000000005,1.0647955079188727,-1.475,1.4123049469423714,3.725,7.335000000000001,1.4102164820749292,-0.825,0.313889018268358
1.2428571428571429,-3.7190476190476187,1.0637758446303653,-1.4095238095238096,1.4088664812198357,3.8285714285714287,7.395238095238096,1.4019544181164343,-0.4428571428571429,0.32337505867247784
1.259090909090909,-3.6727272727272724,1.0606295606549276,-1.3454545454545455,1.4073708255796127,3.940909090909091,7.486363636363637,1.43337611936543,0.03181818181818179,0.3246376601529932
1.2913043478260868,-3.608695652173913,1.0807880304659276,-1.2130434782608694,1.514566949156841,4.056521739130434,7.63913043478261,1.580488742140108,0.6217391304347826,0.3527979636591675
1.3291666666666666,-3.5500000000000003,1.095445115010332,-1.0208333333333333,1.755235439841437,4.170833333333333,7.837500000000001,1.8258559636510214,1.0291666666666666,0.3917398944804271
1.3559999999999999,-3.488,1.1162884931772787,-0.816,2.000349969380358,4.276,8.044,2.064194758253203,1.3119999999999998,0.406283972938469
1.3884615384615384,-3.4384615384615387,1.1225246271069238,-0.6346153846153846,2.16719953999484,4.365384615384615,8.153846153846153,2.0986149278475588,1.6423076923076925,0.43111661816907315
1.3518518518518519,-3.2259259259259263,1.5592386190782574,-0.5444444444444445,2.1761528038354814,4.4185185185185185,8.203703703703704,2.0741043445084513,1.0444444444444445,0.46357338674721704
1.3214285714285714,-2.992857142857143,1.9652402683054588,-0.46785714285714286,2.173587846622291,4.464285714285714,8.221428571428572,2.037492493575292,-0.4964285714285715,0.48255273583012953
1.2965517241379312,-2.920689655172414,1.9685707851028855,-0.45862068965517244,2.1350003749379582,4.558620689655172,8.172413793103448,2.0181137855015825,-2.706896551724138,0.4924303856679277
1.3599999999999999,-3.086666666666667,2.13730951292109,-0.48333333333333334,2.102229249176206,4.706666666666666,8.093333333333334,2.02976698736296,-3.753333333333333,0.5957319462007539
1.364516129032258,-3.1225806451612903,2.1108781233441456,-0.5451612903225806,2.0953661111569373,4.793548387096774,8.0,2.062199473054599,-3.735483870967742,0.5862584112242508
1.359375,-3.109375,2.0778958611242815,-0.559375,2.062860427940119,4.865625,7.95625,2.0437059159692574,-3.3,0.5774579303207487
1.3545454545454547,-3.084848484848485,2.05001847737423,-0.5424242424242424,2.032706063205878,4.924242424242424,7.963636363636364,2.011967038407032,-2.6424242424242426,0.5690402605983325
1.3441176470588236,-3.0500000000000003,2.028919700607974,-0.5117647058823529,2.0096380958501796,4.979411764705882,7.973529411764707,1.982087791764091,-1.9264705882352942,0.5636413949519559
1.3342857142857143,-2.988571428571429,2.031628067595547,-0.4885714285714286,1.9846130795775414,5.02,7.974285714285715,1.9527270308834406,-1.2971428571428574,0.558328838980197
1.2944444444444445,-2.925,2.0383992318904136,-0.48888888888888893,1.9560569342835423,5.033333333333333,7.955555555555557,1.927906999008354,-1.0916666666666668,0.5999735443902955
1.2567567567567568,-2.864864864864865,2.042903192384175,-0.49189189189189186,1.9287846458871996,5.037837837837838,7.9270270270270276,1.90884616815858,-0.9324324324324325,0.634446627008547
1.2078947368421051,-2.8131578947368423,2.040160440515426,-0.5131578947368421,1.9070524947254837,5.031578947368421,7.8842105263157904,1.901283537407278,-0.7657894736842106,0.6945274804157366
1.1564102564102565,-2.7666666666666666,2.0339659642825025,-0.5512820512820513,1.8967939425406333,5.017948717948718,7.828205128205129,1.90842298052727,-0.6641025641025642,0.7570006159334459
1.105,-2.7199999999999998,2.029298224029993,-0.5974999999999999,1.8949984777749114,5.0024999999999995,7.7675,1.9225233818724168,-0.6425000000000001,0.8149091501983046
1.051219512195122,-2.6853658536585368,2.016006073355157,-0.6414634146341464,1.8922176948961367,4.982926829268293,7.719512195121951,1.9230469978909932,-0.7048780487804879,0.8752490934641155
1.0023809523809524,-2.6642857142857146,1.9959497315840533,-0.6785714285714286,1.8844078728764868,4.964285714285714,7.683333333333333,1.9138668132505432,-0.6095238095238096,0.9206275948551763
0.9604651162790697,-2.6534883720930234,1.9733158988784172,-0.7069767441860465,1.8711335180321669,4.948837209302326,7.651162790697675,1.902676322224548,-0.35581395348837214,0.9502229149204238
0.9181818181818181,-2.643181818181818,1.951433310716347,-0.7363636363636363,1.8594936681534435,4.929545454545455,7.625,1.8884132628116101,0.19318181818181818,0.9800979370314792
0.8733333333333333,-2.62,1.9353881452378678,-0.7577777777777778,1.8438458929009434,4.9,7.611111111111111,1.8691541867211958,0.5133333333333334,1.0145307916828976
0.8260869565217391,-2.5934782608695652,1.922198067481086,-0.7695652173913043,1.8249955330499235,4.878260869565217,7.5978260869565215,1.8504641015983931,0.6347826086956522,1.053129681285199
0.8021276595744682,-2.5808510638297872,1.903159649437967,-0.7914893617021277,1.8112966514811912,4.870212765957447,7.578723404255319,1.8349192815101498,0.6936170212765957,1.054491297447366
0.7895833333333333,-2.5458333333333334,1.898370895462104,-0.81875,1.8018496702118503,4.875,7.552083333333333,1.824652643519732,0.8604166666666666,1.0468269346963106
0.7775510204081633,-2.512244897959184,1.8931491239313871,-0.8448979591836734,1.792351949312434,4.885714285714286,7.528571428571429,1.8130315312573397,0.9387755102040817,1.039283668791965
0.774,-2.484,1.8843458238002575,-0.866,1.7802327295689664,4.898,7.51,1.7992345311157143,0.8540000000000001,1.028930492882621
0.7725490196078431,-2.454901960784314,1.876945787761618,-0.8843137254901962,1.7671867528950764,4.911764705882353,7.490196078431373,1.7867573872197406,0.7235294117647059,1.0186419255798473
0.7711538461538462,-2.423076923076923,1.8725693143657123,-0.9038461538461539,1.7554354287454499,4.923076923076923,7.467307692307693,1.7768358254289855,0.5576923076923077,1.0086559759541676
0.7679245283018868,-2.388679245283019,1.8713076852378365,-0.9283018867924528,1.7475672495578365,4.930188679245283,7.447169811320754,1.7657645732944942,0.28867924528301886,0.9991868972984714
0.7555555555555555,-2.3518518518518516,1.8732214952030757,-0.9203703703703704,1.731983226816428,4.92962962962963,7.457407407407407,1.7506442859110904,-0.15555555555555553,0.9938806478337148
0.7400000000000001,-2.3163636363636364,1.8743654369534755,-0.8945454545454546,1.7265270408816724,4.914545454545455,7.509090909090909,1.7762082718295804,-0.6563636363636363,0.991370170428188
0.7178571428571429,-2.2839285714285715,1.8730409679268814,-0.85,1.7429337858387457,4.894642857142857,7.576785714285714,1.831441664762646,-1.1517857142857142,0.9961940560968013
0.6929824561403509,-2.263157894736842,1.862854144561451,-0.7824561403508772,1.801003966742037,4.870175438596491,7.649122807017544,1.8954007121580183,-1.4210526315789473,1.0049626235272218
0.6706896551724137,-2.243103448275862,1.85274685302429,-0.7206896551724139,1.8460729890618464,4.843103448275862,7.710344827586207,1.9356933256426982,-1.5586206896551722,1.010472986468384
0.659322033898305,-2.215254237288136,1.8491203462561958,-0.659322033898305,1.889820156018118,4.838983050847458,7.783050847457627,1.9985471052373818,-1.4644067796610167,1.005522448534162
0.6533333333333334,-2.1700000000000004,1.866593017110432,-0.5933333333333334,1.9422044671173004,4.828333333333333,7.858333333333333,2.065560347223629,-1.5683333333333331,0.998043283370128
0.6475409836065574,-2.122950819672131,1.8870959561031826,-0.5245901639344263,1.9993878844707214,4.816393442622951,7.936065573770493,2.1363545887707285,-1.7262295081967212,0.9907247443794279
0.6435483870967742,-2.07741935483871,1.9055930925497575,-0.4532258064516129,2.0610134179163673,4.804838709677419,8.01774193548387,2.2142255570643314,-1.9870967741935481,0.9830732954249564
0.6365079365079366,-2.033333333333333,1.9222802319959964,-0.3793650793650794,2.126723872317105,4.788888888888889,8.096825396825396,2.284235472719148,-2.2968253968253967,0.9767129844372161
0.628125,-1.9921875,1.935163722001935,-0.31093750000000003,2.179640074226615,4.771875,8.1734375,2.3474567249252596,-2.59375,0.9712483784791676
0.6169230769230769,-1.9507692307692308,1.948807574271627,-0.2630769230769231,2.1966998849673085,4.753846153846154,8.227692307692307,2.3697644722305533,-2.8107692307692305,0.9678534933632178
0.6060606060606061,-1.9106060606060606,1.9610930066893264,-0.22424242424242424,2.202450425954664,4.736363636363636,8.272727272727273,2.3797572891462595,-3.007575757575758,0.9644255026265895
0.5955223880597015,-1.8716417910447762,1.9721397370545202,-0.21044776119402986,2.188616162227423,4.719402985074627,8.29402985074627,2.3680883862634934,-3.2134328358208957,0.9609706008527532
0.5852941176470587,-1.8338235294117649,1.9820545871150412,-0.2088235294117647,2.172263094900789,4.701470588235294,8.302941176470588,2.3514981308040017,-3.4352941176470586,0.9574943522505743
0.572463768115942,-1.8,1.987386696733412,-0.21304347826086958,2.1565163249663906,4.681159420289855,8.307246376811595,2.3344176021755345,-3.6869565217391305,0.9563847456730897
0.5585714285714286,-1.77,1.9888347764748944,-0.21571428571428575,2.1409489778787156,4.66,8.311428571428571,2.317703939849745,-3.9385714285714286,0.9565173630617005
0.543661971830986,-1.7464788732394365,1.9844992881196215,-0.21408450704225354,2.1256458362878723,4.636619718309859,8.321126760563379,2.302539932519102,-4.143661971830986,0.9579341454201173
0.5291666666666667,-1.7222222222222223,1.9811948466378286,-0.2222222222222222,2.1117526411792142,4.613888888888889,8.320833333333333,2.2862687173399636,-4.263888888888889,0.959083702966417
0.5150684931506849,-1.6986301369863013,1.9776875631435018,-0.23013698630136986,2.098126474547316,4.593150684931507,8.31095890410959,2.2719033652568608,-4.357534246575343,0.9599871574483448
0.5027027027027028,-1.6716216216216218,1.9777890153186573,-0.2608108108108108,2.1003468446489335,4.574324324324325,8.287837837837838,2.2650381896869787,-4.435135135135135,0.9593052527416915
0.49066666666666664,-1.6453333333333333,1.977528715295892,-0.29333333333333333,2.10503471970682,4.556,8.262666666666668,2.260218437980583,-4.522666666666667,0.9584860434536829
0.4776315789473684,-1.6236842105263158,1.9733469653393538,-0.3263157894736842,2.1106314013301097,4.538157894736842,8.235526315789473,2.2575328094991027,-4.614473684210526,0.9588324405874088
0.4636363636363637,-1.6051948051948053,1.9670239411953834,-0.36233766233766235,2.1203921534668857,4.51948051948052,8.206493506493507,2.2570554678221137,-4.6922077922077925,0.9603876808912405
0.4525641025641025,-1.5884615384615386,1.9597893319880655,-0.4012820512820513,2.1344723846825384,4.503846153846154,8.174358974358976,2.260239953784697,-4.721794871794872,0.9591289824254111
0.44177215189873414,-1.5708860759493672,1.9534421886226419,-0.43924050632911393,2.147414529000827,4.488607594936709,8.141772151898735,2.2643053836655054,-4.732911392405063,0.9577762164268864
0.4325,-1.55375,1.947081148796835,-0.47375,2.155989229324216,4.47875,8.116249999999999,2.261479506199874,-4.7225,0.9553016622108351
0.42716049382716054,-1.5358024691358025,1.9416042749473512,-0.4987654320987654,2.154268659380748,4.474074074074074,8.101234567901235,2.2513603569375835,-4.709876543209877,0.9505277936071899
0.4231707317073171,-1.5195121951219512,1.935212306877194,-0.5182926829268293,2.1482193630534225,4.469512195121951,8.091463414634147,2.239168784242045,-4.69390243902439,0.945332756162364
0.42168674698795183,-1.5060240963855422,1.927297450531941,-0.5301204819277109,2.137797757880704,4.467469879518072,8.08433734939759,2.2264201785909123,-4.657831325301205,0.9396481169047821
0.42142857142857143,-1.4928571428571429,1.9194493257926128,-0.5392857142857144,2.1265401424907986,4.467857142857143,8.082142857142857,2.213058762839272,-4.585714285714285,0.9339734302058407
0.42117647058823526,-1.4788235294117646,1.9123716338898264,-0.5447058823529413,2.114434849763302,4.469411764705882,8.084705882352942,2.199973261869602,-4.5058823529411764,0.9284003289897882
0.42674418604651165,-1.4616279069767442,1.907765468669389,-0.5372093023255814,2.103109547180522,4.475581395348837,8.095348837209302,2.189219951153388,-4.427906976744186,0.9243661635832223
0.43333333333333335,-1.4448275862068967,1.9031038674735923,-0.5287356321839081,2.092339741076405,4.482758620689655,8.110344827586207,2.1809446685216862,-4.362068965517241,0.9210290840377466
0.4397727272727273,-1.4272727272727275,1.8992876627605195,-0.5170454545454546,2.083168541026849,4.489772727272728,8.126136363636364,2.173428581132395,-4.298863636363636,0.9177107666371097
0.4449438202247191,-1.4067415730337078,1.8983723741913634,-0.5022471910112359,2.0759979816995076,4.495505617977528,8.147191011235956,2.1701534239667586,-4.222471910112359,0.913784741405846
0.45,-1.3855555555555557,1.8983470699538845,-0.48333333333333334,2.0720857428790675,4.5,8.175555555555555,2.1746398958572843,-4.136666666666667,0.9099018344385323
0.4527472527472528,-1.365934065934066,1.897028072200174,-0.4483516483516484,2.0873887269005977,4.504395604395604,8.216483516483517,2.197486631801772,-4.030769230769231,0.9052121493931877
0.45217391304347826,-1.3456521739130434,1.8965795147342253,-0.41521739130434787,2.1000750788572007,4.506521739130435,8.252173913043478,2.212028965733961,-3.9163043478260873,0.90024151348885
0.4505376344086021,-1.3258064516129031,1.8959283160296814,-0.389247311827957,2.103592288029931,4.50752688172043,8.279569892473118,2.2157813000200326,-3.7946236559139783,0.8954745712790432
0.4478723404255319,-1.3106382978723405,1.8914333237792047,-0.3776595744680851,2.095266259946128,4.508510638297873,8.292553191489361,2.2074282882299654,-3.6723404255319148,0.8910219725521965
0.4452631578947368,-1.2947368421052632,1.8877188993007292,-0.36631578947368426,2.087022236132079,4.509473684210526,8.3,2.1968546180314155,-3.571578947368421,0.8866346150751705
0.43854166666666666,-1.2927083333333333,1.8778624349406974,-0.3614583333333334,2.076554321677426,4.501041666666667,8.304166666666667,2.185642946073145,-3.451041666666667,0.8844111679728425
0.4175257731958763,-1.3051546391752578,1.8720738908817043,-0.35670103092783506,2.066241919549377,4.485567010309278,8.308247422680411,2.174601021983342,-3.227835051546392,0.9038125622972513
0.3948979591836735,-1.3102040816326532,1.8630697313575504,-0.35306122448979593,2.0558793779868205,4.469387755102041,8.310204081632653,2.163449412392896,-2.754081632653061,0.926624786326681
0.3747474747474748,-1.3040404040404039,1.8545541953949416,-0.35757575757575755,2.045856484936646,4.459595959595959,8.297979797979798,2.1558169907362026,-2.224242424242424,0.9434352593800579
0.36200000000000004,-1.276,1.8663484577260931,-0.37,2.039285872232451,4.454,8.283999999999999,2.149452361543622,-1.74,0.947274666044275
0.3524752475247525,-1.2465346534653465,1.8804554956943622,-0.3821782178217822,2.0327516345881493,4.452475247524752,8.27029702970297,2.1431073027011704,-1.4603960396039604,0.947374694553949
0.34117647058823525,-1.2264705882352942,1.8820636698959536,-0.39215686274509803,2.0251725888808627,4.443137254901961,8.261764705882353,2.1342118501489598,-1.3294117647058823,0.9495546575936095
0.3262135922330097,-1.212621359223301,1.8780820218285947,-0.39805825242718446,2.016110630646235,4.430097087378641,8.263106796116505,2.123767937696737,-1.2097087378640774,0.9570134472643592
0.3048076923076923,-1.2028846153846156,1.871578780652367,-0.37403846153846154,2.0211981063008433,4.413461538461538,8.284615384615385,2.12478527667951,-1.0509615384615383,0.97705519591402
0.2866666666666667,-1.1895238095238096,1.8675839909813867,-0.3419047619047619,2.038229857592355,4.399047619047619,8.315238095238096,2.137701000553063,-0.8133333333333331,0.9899559689768128
0.27169811320754716,-1.1726415094339622,1.8667788921469302,-0.310377358490566,2.0543069388729442,4.387735849056604,8.337735849056603,2.140069105701681,-0.5830188679245282,0.9972108452584979
0.26074766355140183,-1.1532710280373832,1.8687256154531677,-0.30093457943925234,2.046925689588814,4.377570093457944,8.346728971962618,2.1319809973404147,-0.4373831775700933,0.9989387774076248
0.25092592592592594,-1.1398148148148148,1.8652222846066964,-0.2953703703703704,2.0381586090757002,4.367592592592593,8.351851851851851,2.1226628260687344,-0.35740740740740723,0.9994854162345189
0.24311926605504589,-1.1238532110091743,1.864030831616378,-0.29266055045871564,2.028898005122136,4.359633027522936,8.354128440366972,2.112946516916678,-0.2963302752293576,0.9981804717396645
0.2381818181818182,-1.1063636363636364,1.8645056049685484,-0.30363636363636365,2.022847809661141,4.352727272727273,8.344545454545454,2.105631869845587,-0.3463636363636362,0.9949396568472412
0.22882882882882882,-1.1054054054054054,1.8560386867949727,-0.3162162162162162,2.0179891224384976,4.33963963963964,8.334234234234234,2.09885230523279,-0.5486486486486485,0.9952968846609983
0.21607142857142855,-1.113392857142857,1.8495918973155097,-0.32767857142857143,2.012537720375217,4.322321428571429,8.325,2.0916608341327816,-0.7776785714285712,0.9999597804009731
0.20619469026548673,-1.1194690265486726,1.8424487978483404,-0.33185840707964603,2.0040256577487465,4.306194690265487,8.324778761061948,2.082303453829579,-0.9203539823008848,1.0010069203628975
0.20087719298245613,-1.1236842105263158,1.834830301602219,-0.32807017543859646,1.995548531590871,4.292982456140351,8.332456140350876,2.074689255505234,-0.9526315789473683,0.9981838032842215
0.1982608695652174,-1.1347826086956523,1.8306380576019126,-0.3191304347826087,1.9890884649592686,4.2791304347826085,8.347826086956522,2.072135428162656,-0.8382608695652172,0.9941921351155183
0.17758620689655175,-1.1310344827586207,1.8231083725141066,-0.33017241379310347,1.9839889475317234,4.244827586206896,8.343103448275862,2.0637333893332426,-0.5698275862068963,1.0145966178001848
0.18034188034188037,-1.1572649572649574,1.837272915328409,-0.34615384615384615,1.9829679280597372,4.231623931623932,8.334188034188035,2.0570803880643633,-0.4666666666666665,1.0106535369578438
0.19322033898305085,-1.1805084745762713,1.8467462018684653,-0.35932203389830514,1.9796502016893842,4.228813559322034,8.327966101694916,2.0493853818365952,-0.37203389830508454,1.0160026258091888
0.19243697478991595,-1.1949579831932775,1.8456475938251344,-0.3697478991596639,1.974522238795954,4.209243697478992,8.325210084033614,2.040904522276824,0.03361344537815138,1.0117244603675573
0.19083333333333333,-1.2008333333333332,1.839003010554668,-0.38416666666666666,1.9725424379383545,4.1866666666666665,8.319166666666666,2.033389182775262,0.7475000000000002,1.0076176940521373
0.17416666666666666,-1.155,1.7731825824173426,-0.37333333333333335,1.968266452778092,4.17,8.3425,2.0272373261339154,1.6341666666666668,0.9921960901114724
0.1408333333333333,-1.1208333333333333,1.7116455217587732,-0.35250000000000004,1.9641305515493137,4.131666666666667,8.374166666666667,2.0263182588809956,2.251666666666667,1.00088161417934
0.12916666666666668,-1.1058333333333332,1.6886320769535696,-0.32,2.005186552229916,4.110833333333334,8.416666666666666,2.0878734842596445,2.5075000000000003,0.9977618510870186
0.1225,-1.0991666666666666,1.676656127626689,-0.2591666666666667,2.1136012452895736,4.093333333333333,8.4875,2.22365292996483,2.8558333333333334,0.9938857195520076
0.10083333333333332,-1.0925000000000002,1.665778264623103,-0.14916666666666673,2.3896835637828717,4.0575,8.606666666666666,2.5320710403741433,3.3741666666666665,1.0007136809040134
0.075,-1.09,1.661749609509773,-0.11083333333333337,2.395015686807922,4.0200000000000005,8.653333333333334,2.548188789403676,4.102500000000001,1.0146200182889185
0.032499999999999994,-1.1,1.682285360339751,-0.1041666666666667,2.3891349242507234,3.9683333333333333,8.666666666666666,2.5399441975387256,4.796666666666667,1.076265133996016
-0.030833333333333338,-1.0625000000000002,1.67171539232645,-0.1016666666666667,2.3859174840920963,3.8991666666666664,8.675833333333333,2.5307519005372345,5.229166666666667,1.2313001827564318
-0.06750000000000002,-1.0391666666666668,1.6526167604326014,-0.07666666666666669,2.3603066790244904,3.856666666666667,8.707500000000001,2.5067694064558177,5.410833333333334,1.268305459854131
-0.09000000000000001,-1.0258333333333334,1.6365312688236469,-0.012500000000000034,2.354668614840374,3.8291666666666666,8.776666666666667,2.5153222335071392,6.005,1.2749295581134124
0.06833333333333332,-0.89,2.0595912134174963,-0.022500000000000034,2.3708120971515223,3.9833333333333334,8.772499999999999,2.5208696145269736,7.560833333333333,2.224840031387899
0.11404958677685947,-0.7735537190082644,2.4181180214870035,0.016528925619834677,2.3996300793885577,4.017355371900826,8.816528925619835,2.5566366938955163,8.74793388429752,2.2719046996270174
0.11499999999999998,-0.6233333333333334,2.704081363866288,0.10249999999999997,2.4705819577751376,4.026666666666666,8.905000000000001,2.6393228696171342,9.684999999999999,2.285086836148573
0.11333333333333331,-0.5700000000000001,2.719880125880489,0.1666666666666666,2.5508717683787014,4.026666666666666,8.970833333333333,2.7237948019719274,9.980833333333333,2.2843616445846093
0.0833333333333333,-0.5541666666666668,2.7123091911615433,0.17583333333333329,2.551881686139861,4.0025,8.979166666666666,2.7251056824263067,10.424166666666668,2.292271756123512
0.04083333333333332,-0.5816666666666668,2.750706046363624,0.1933333333333333,2.5571693033388256,3.9683333333333337,8.995833333333334,2.730112068168978,11.140833333333335,2.3148223821849543
-0.055000000000000014,-0.6433333333333333,2.885044989915675,0.1958333333333333,2.556928167286102,3.885,8.993333333333332,2.730522569289723,13.605833333333331,2.4895360844877077
-0.14297520661157026,-0.6528925619834712,2.8749224447558377,0.1099173553719008,2.71598370634158,3.8082644628099174,8.897520661157024,2.9162322384061854,16.807438016528923,2.6613225548675667
-0.24250000000000002,-0.6041666666666666,2.8684430770497276,0.015833333333333293,2.926063574021536,3.7283333333333335,8.788333333333332,3.163132776787188,20.095833333333335,2.793589976711542
-0.26666666666666666,-0.565,2.871671255265708,-0.12083333333333336,3.3000355443294147,3.7191666666666667,8.6375,3.5851951062082836,22.9025,2.791804733405936
-0.2566666666666667,-0.5541666666666668,2.8659958256824334,-0.17416666666666672,3.3510188049028202,3.7408333333333337,8.561666666666666,3.680956747508833,24.15583333333333,2.8010422229973626
-0.2603305785123967,-0.6016528925619835,2.901435951130474,-0.15371900826446286,3.344598663574701,3.7487603305785124,8.558677685950412,3.6657347926777146,25.125619834710744,2.7896379495925925
-0.3266666666666667,-0.65,3.0309052368264253,-0.0966666666666667,3.4506103061043905,3.6783333333333332,8.5825,3.716297572458214,26.386666666666667,2.809788811506322
-0.3975,-0.7075,3.1245614818373335,-0.07666666666666672,3.4778949813645266,3.6066666666666665,8.579166666666667,3.713022638612096,27.926666666666666,2.8523751712646535
-0.42796610169491534,-0.5889830508474577,3.3956176860470824,-0.27627118644067805,3.67573884580794,3.55,8.384745762711864,3.9697709705652504,31.14745762711864,2.8641278439576316
-0.43728813559322033,-0.578813559322034,3.4091343286713838,-0.31864406779661025,3.682737488701985,3.5211864406779663,8.3364406779661,4.000462905997602,32.66101694915254,2.862871566902012
-0.48474576271186437,-0.5898305084745762,3.4122802319392678,-0.3745762711864407,3.7307268016422697,3.440677966101695,8.271186440677965,4.087590176634916,34.470338983050844,2.891798810802954
-0.5322033898305085,-0.535593220338983,3.345299685672749,-0.4110169491525424,3.759745942915003,3.3635593220338986,8.221186440677966,4.153627838571125,36.08898305084746,2.87672300969668
-0.552542372881356,-0.5186440677966102,3.331613637231218,-0.4406779661016949,3.789261418869909,3.3110169491525423,8.171186440677966,4.225201187642298,37.45677966101695,2.8707100841217112
-0.6016949152542372,-0.5110169491525424,3.327604921340691,-0.4093220338983051,3.7998872517716924,3.2254237288135594,8.177966101694915,4.2232999531844255,38.699999999999996,2.890035431446587
-0.635593220338983,-0.4957627118644068,3.3234570115040847,-0.41355932203389834,3.7997056848291044,3.1542372881355933,8.140677966101695,4.242484300584615,39.844915254237286,2.892180008339281
-0.6677966101694915,-0.4830508474576271,3.3209077403045484,-0.461864406779661,3.8241454995815936,3.0813559322033894,8.06186440677966,4.32507930842804,40.896610169491524,2.8949670844100233
-0.6957627118644067,-0.45847457627118643,3.328517707903436,-0.48644067796610174,3.828523521039367,3.01271186440678,8.004237288135593,4.370968600586792,41.96271186440678,2.8946574444985496
-0.6907563025210084,-0.4058823529411765,3.363671675206165,-0.504201680672269,3.8171867127058596,2.988235294117647,7.944537815126051,4.400860807148629,42.726050420168065,2.8828831965332915
-0.6813559322033897,-0.3508474576271187,3.4211945173067684,-0.502542372881356,3.8334662600008964,2.9355932203389834,7.916949152542373,4.441669530662391,43.89576271186441,2.9018693990222237
-0.6652542372881356,-0.3110169491525424,3.4420423250203704,-0.4932203389830509,3.8328478803772925,2.902542372881356,7.888135593220339,4.463224266519912,44.425423728813556,2.9075903354397394
-0.6203389830508474,-0.3033898305084746,3.4414996781588534,-0.5067796610169492,3.841045281823515,2.8983050847457625,7.834745762711864,4.526850136356756,44.95338983050848,2.9461711882429955
-0.6033898305084746,-0.2983050847457627,3.4410538797821326,-0.4872881355932203,3.8371897348928985,2.864406779661017,7.814406779661017,4.543244734988962,45.389830508474574,2.950298614565884
-0.6245762711864407,-0.2593220338983051,3.4556342519777727,-0.4830508474576271,3.8353351536706906,2.790677966101695,7.776271186440678,4.579043268976903,45.67372881355932,2.962845030307891
-0.65,-0.22033898305084748,3.4640413955510496,-0.47796610169491527,3.8334366896483285,2.723728813559322,7.7432203389830505,4.604521724349896,45.71779661016949,2.978921677213814
-0.6661016949152542,-0.16779661016949157,3.480737748598467,-0.4669491525423729,3.8311823415421737,2.6542372881355933,7.695762711864407,4.648175711769791,45.57203389830509,2.9848684014852545
-0.6805084745762712,-0.08389830508474579,3.549960162024768,-0.4330508474576271,3.8351958704756925,2.5906779661016954,7.68135593220339,4.654543762058021,44.304237288135596,2.990105005576228
-0.6661016949152542,-0.06610169491525425,3.547557733132984,-0.36779661016949156,3.8787142410091535,2.559322033898305,7.695762711864407,4.655047698081967,43.01864406779661,2.9921612787038874
-0.6478991596638655,-0.08571428571428573,3.5389667580080086,-0.3344537815126051,3.8793332682171813,2.547058823529412,7.684033613445378,4.637046532140198,42.53949579831933,2.986065058252739
-0.652542372881356,-0.0593220338983051,3.547485862789286,-0.27372881355932205,3.91655325457408,2.4805084745762715,7.694915254237288,4.6556251695398005,43.40338983050847,2.9990514701170796
-0.6669491525423729,-0.020338983050847474,3.563407552944493,-0.24067796610169492,3.9174655440182478,2.4169491525423727,7.683898305084746,4.660489874456507,43.78305084745762,2.9990042531168495
-0.9,-6.699999999999999,0.1414213562373093,2.1999999999999984,0.28284271247461734,4.9,4.7,0.0,0.29999999999999283,0.0
-0.7999999999999999,-7.866666666666666,2.0231987873991355,2.9666666666666655,1.342882471898912,5.066666666666667,5.6000000000000005,1.5588457268119895,2.299999999999995,0.17320508075688776
-0.75,-8.299999999999999,1.8654758106177631,3.0249999999999995,1.1026483271348726,5.15,5.775,1.3200378782444084,3.7499999999999964,0.17320508075688776
-0.8,-8.3,1.6155494421403513,2.7799999999999994,1.1009087155618307,5.140000000000001,5.62,1.194571052721436,4.259999999999996,0.18708286933869708
-1.0,-8.016666666666666,1.6030179870065921,2.6166666666666663,1.0628577828979127,4.983333333333333,5.533333333333334,1.089342309224546,2.0999999999999974,0.5176871642217914
-1.157142857142857,-7.871428571428571,1.5129598867939689,2.4428571428571426,1.0737118528064886,4.857142857142857,5.442857142857143,1.022834530210276,-1.2000000000000024,0.6294366339755545
-1.2375,-8.0625,1.5013684234248243,2.2124999999999995,1.1885615555908626,4.8125,5.2875,1.043945127184101,-3.262500000000002,0.6254998001598402
-1.3111111111111111,-7.855555555555556,1.535505707504136,2.244444444444444,1.11592014847738,4.766666666666667,5.388888888888889,1.0227957328377504,-0.3666666666666683,0.6253887679764573
-1.5,-7.5200000000000005,1.7949311345502303,2.3499999999999996,1.1037813793198965,4.59,5.57,1.1215564581816149,2.3899999999999983,0.8393118874676114
-1.6363636363636365,-7.4,1.7487138130637612,2.5181818181818176,1.1864385207992716,4.454545454545454,5.809090909090909,1.326992498437384,3.1727272727272715,0.9157212755775934
-1.7249999999999999,-7.341666666666666,1.6795336654361332,2.783333333333333,1.4571661996262928,4.366666666666666,6.1499999999999995,1.730738150459088,4.016666666666666,0.9255219657527903
-1.8076923076923077,-7.269230769230769,1.6291023169139371,3.0461538461538455,1.6865227464694847,4.2846153846153845,6.484615384615385,2.0497341916478473,5.046153846153844,0.9349345239654829
-1.957142857142857,-7.1571428571428575,1.620405592965627,3.2357142857142853,1.7687923489280402,4.135714285714285,6.75,2.205500117712708,6.17142857142857,1.0580928312584108
-1.9533333333333334,-7.086666666666667,1.5851393209010576,3.353333333333333,1.7642751108221946,4.026666666666666,6.993333333333334,2.3248553462425097,7.413333333333332,1.0197105098063488
-1.93125,-6.90625,1.692914154153521,3.3,1.7177504669382766,4.075,7.00625,2.246617828351468,9.575,0.9890862786767729
-1.9058823529411764,-6.488235294117647,2.3785190647073797,3.241176470588235,1.6807955049356138,4.129411764705883,7.0058823529411764,2.175278886785351,9.152941176470588,0.9633733623544497
-1.8666666666666667,-6.127777777777777,2.7682667237090377,3.2222222222222223,1.6325928693719642,4.194444444444445,7.038888888888889,2.1149715305798793,6.772222222222221,0.9493031499938445
-1.6105263157894738,-6.221052631578948,2.7208207396070807,3.2421052631578946,1.588960453138286,4.484210526315789,7.121052631578948,2.086352198713348,1.4578947368421047,1.448330355517501
-1.1,-6.590000000000001,3.12020579618177,3.135,1.6190559302455114,5.04,7.090000000000001,2.035448999994583,0.0699999999999994,2.6832815729997477
-1.0809523809523809,-6.457142857142857,3.101543394597507,2.9523809523809526,1.7862304016053046,5.109523809523809,6.976190476190476,2.051317811043613,-2.0142857142857147,2.616795568556903
-1.0363636363636364,-6.5181818181818185,3.040306432493804,2.7181818181818183,2.0604290731223838,5.204545454545454,6.8090909090909095,2.149841431784721,-4.954545454545455,2.5622805048006327
-1.0,-6.569565217391304,2.98060927002406,2.643478260869565,2.044688481931243,5.308695652173912,6.782608695652174,2.1042494178799767,-3.478260869565218,2.5094367350608238
-0.9666666666666667,-6.5375000000000005,2.9193228071204995,2.5541666666666667,2.047050724009219,5.408333333333334,6.745833333333334,2.0658673653007087,-1.9291666666666671,2.459704235784504
-0.948,-6.468,2.878906042232014,2.46,2.05851888502389,5.4879999999999995,6.7,2.0353132437047616,-0.5040000000000003,2.4097233589494595
-0.926923076923077,-6.3961538461538465,2.8444304553608992,2.3884615384615384,2.0496491256948195,5.565384615384615,6.6692307692307695,2.0003538148576077,0.6884615384615381,2.3634817862311004
-0.8814814814814815,-6.277777777777778,2.856212302674421,2.3407407407407406,2.0250848527823866,5.662962962962963,6.662962962962963,1.96177865687633,1.159259259259259,2.32958184379763
-0.8071428571428572,-6.132142857142857,2.906831490157163,2.3249999999999997,1.9889742377714494,5.785714285714286,6.689285714285715,1.9301389866889138,0.34285714285714264,2.319630968643036
-0.7379310344827585,-5.996551724137931,2.9463637102877325,2.3448275862068964,1.9560503584841848,5.8999999999999995,6.748275862068965,1.9217961631273064,-1.124137931034483,2.308124438509614
-0.7200000000000001,-5.906666666666666,2.9366804310348424,2.4566666666666666,2.017284506857968,5.96,6.903333333333333,2.0705626976881115,-3.3633333333333337,2.2701055725108525
-0.7451612903225807,-5.83225806451613,2.9168918499862366,2.5612903225806454,2.0671522149009474,5.967741935483871,7.058064516129033,2.2105465679402134,-5.303225806451613,2.23634205935756
-0.775,-5.74375,2.9128123534569834,2.60625,2.0493803154659593,5.96875,7.153125,2.2401014341953065,-6.8375,2.206442180700458
-0.790909090909091,-5.612121212121211,2.964978665159074,2.533333333333333,2.060137535861785,5.978787878787879,7.130303030303031,2.2087163761567554,-8.048484848484849,2.173615024038818
-0.8088235294117647,-5.470588235294118,3.034102074925878,2.35,2.2931056088486925,5.985294117647059,6.9941176470588236,2.3154214455662783,-9.358823529411765,2.142975508147608
-0.84,-5.357142857142857,3.0635701697323583,2.12,2.63726685615776,5.977142857142857,6.808571428571429,2.5314924020254543,-10.928571428571429,2.1192673539803932
-0.8722222222222222,-5.155555555555555,3.2527302329357055,2.183333333333333,2.6269482566006404,5.958333333333333,6.922222222222222,2.5865709358819458,-13.041666666666666,2.0977009334862786
-0.8756756756756756,-5.013513513513513,3.321576112008856,2.175675675675676,2.5906247000166456,5.95945945945946,6.9702702702702695,2.5670849080084834,-15.889189189189189,2.0684676837114373
